2015/7/31 16:00,17
2015/7/31 17:00,18
2015/7/31 19:00,12
2015/7/31 20:00,12
2015/7/31 21:00,8
2015/7/31 22:00,12
2015/7/31 23:00,17
2015/8/1 0:00,18
2015/8/1 1:00,17
2015/8/1 2:00,15
2015/8/1 3:00,14
2015/8/1 4:00,11
2015/8/1 5:00,10
2015/8/1 6:00,11
2015/8/1 7:00,12
2015/8/1 8:00,15
2015/8/1 9:00,9
2015/8/1 10:00,10
2015/8/1 11:00,3
2015/8/1 12:00,4
2015/8/1 13:00,6
2015/8/1 14:00,11
2015/8/1 15:00,9
2015/8/1 16:00,10
2015/8/1 17:00,4
2015/8/1 18:00,7
2015/8/1 19:00,0
2015/8/1 20:00,9
2015/8/1 21:00,5
2015/8/1 22:00,9
2015/8/1 23:00,0
2015/8/2 0:00,7
2015/8/2 1:00,7
2015/8/2 2:00,9
2015/8/2 3:00,8
2015/8/2 4:00,12
2015/8/2 5:00,18
2015/8/2 6:00,13
2015/8/2 7:00,8
2015/8/2 8:00,4
2015/8/2 9:00,7
2015/8/2 10:00,7
2015/8/2 11:00,6
2015/8/2 12:00,7
2015/8/2 13:00,8
2015/8/2 15:00,16
2015/8/2 16:00,18
2015/8/2 17:00,11
2015/8/2 18:00,13
2015/8/2 19:00,13
2015/8/2 20:00,15
2015/8/2 21:00,10
2015/8/2 22:00,12
2015/8/2 23:00,13
2015/8/3 0:00,16
2015/8/3 1:00,13
2015/8/3 2:00,9
2015/8/3 3:00,12
2015/8/3 4:00,13
2015/8/3 7:00,16
2015/8/3 8:00,8
2015/8/3 9:00,7
2015/8/3 10:00,7
2015/8/3 11:00,8
2015/8/3 12:00,10
2015/8/3 13:00,8
2015/8/3 14:00,8
2015/8/3 15:00,9
2015/8/3 16:00,5
2015/8/3 17:00,6
2015/8/3 18:00,9
2015/8/3 19:00,9
2015/8/3 20:00,9
2015/8/3 21:00,10
2015/8/3 22:00,20
2015/8/3 23:00,27
2015/8/4 0:00,24
2015/8/4 1:00,25
2015/8/4 2:00,23
2015/8/4 3:00,22
2015/8/4 4:00,21
2015/8/4 5:00,19
2015/8/4 6:00,17
2015/8/4 7:00,9
2015/8/4 8:00,14
2015/8/4 9:00,15
2015/8/4 11:00,15
2015/8/4 12:00,15
2015/8/4 13:00,9
2015/8/4 14:00,5
2015/8/4 15:00,4
2015/8/4 16:00,7
2015/8/4 17:00,6
2015/8/4 18:00,3
2015/8/4 19:00,7
2015/8/4 20:00,10
2015/8/4 21:00,22
2015/8/4 22:00,26
2015/8/4 23:00,28
2015/8/5 0:00,25
2015/8/5 1:00,19
2015/8/5 2:00,16
2015/8/5 3:00,14
2015/8/5 4:00,14
2015/8/5 6:00,13
2015/8/5 7:00,18
2015/8/5 8:00,17
2015/8/5 9:00,13
2015/8/5 10:00,12
2015/8/5 11:00,16
2015/8/5 12:00,20
2015/8/5 13:00,25
2015/8/5 14:00,25
2015/8/5 15:00,24
2015/8/5 16:00,18
2015/8/5 17:00,24
2015/8/5 18:00,26
2015/8/5 19:00,32
2015/8/5 20:00,29
2015/8/5 21:00,32
2015/8/5 22:00,32
2015/8/5 23:00,30
2015/8/6 0:00,33
2015/8/6 1:00,30
2015/8/6 2:00,29
2015/8/6 3:00,20
2015/8/6 4:00,22
2015/8/6 5:00,27
2015/8/6 6:00,27
2015/8/6 7:00,28
2015/8/6 8:00,28
2015/8/6 9:00,32
2015/8/6 10:00,32
2015/8/6 11:00,27
2015/8/6 12:00,26
2015/8/6 13:00,23
2015/8/6 14:00,17
2015/8/6 15:00,13
2015/8/6 16:00,12
2015/8/6 17:00,17
2015/8/6 18:00,18
2015/8/6 19:00,22
2015/8/6 20:00,30
2015/8/6 21:00,33
2015/8/6 22:00,35
2015/8/6 23:00,32
2015/8/7 0:00,33
2015/8/7 1:00,33
2015/8/7 2:00,32
2015/8/7 3:00,39
2015/8/7 4:00,44
2015/8/7 5:00,48
2015/8/7 6:00,35
2015/8/7 7:00,27
2015/8/7 8:00,27
2015/8/7 9:00,23
2015/8/7 10:00,21
2015/8/7 11:00,8
2015/8/7 12:00,11
2015/8/7 13:00,9
2015/8/7 14:00,10
2015/8/7 15:00,0
2015/8/7 16:00,0
2015/8/7 17:00,4
2015/8/7 18:00,6
2015/8/7 19:00,10
2015/8/7 20:00,7
2015/8/7 21:00,10
2015/8/7 22:00,7
2015/8/7 23:00,7
2015/8/8 0:00,7
2015/8/8 1:00,6
2015/8/8 2:00,4
2015/8/8 3:00,7
2015/8/8 4:00,7
2015/8/8 5:00,5
2015/8/8 6:00,2
2015/8/9 0:00,6
2015/8/9 1:00,14
2015/8/9 2:00,13
2015/8/9 3:00,21
2015/8/9 4:00,18
2015/8/9 5:00,14
2015/8/9 6:00,13
2015/8/9 7:00,12
2015/8/9 8:00,9
2015/8/9 9:00,5
2015/8/9 10:00,9
2015/8/9 11:00,14
2015/8/9 12:00,16
2015/8/9 13:00,10
2015/8/9 14:00,7
2015/8/9 15:00,5
2015/08/09 16:00,3
2015/08/09 17:00,7
2015/08/09 18:00,7
2015/08/09 19:00,9
2015/08/09 20:00,9
2015/08/09 21:00,8
2015/08/09 22:00,10
2015/08/09 23:00,11
2015/08/10 00:00,18
2015/08/10 01:00,15
2015/08/10 02:00,11
2015/08/10 03:00,11
2015/08/10 04:00,8
2015/08/10 05:00,6
2015/08/10 06:00,6
2015/08/10 07:00,7
2015/08/10 08:00,9
2015/08/10 09:00,6
2015/08/10 10:00,6
2015/08/10 11:00,11
2015/08/10 12:00,9
2015/08/10 13:00,8
2015/08/10 14:00,5
2015/08/10 15:00,3
2015/08/10 16:00,7
2015/08/10 17:00,4
2015/08/10 18:00,5
2015/08/10 19:00,4
2015/08/10 20:00,8
2015/08/10 21:00,6
2015/08/10 22:00,2
2015/08/10 23:00,2
2015/08/11 00:00,7
2015/08/11 01:00,14
2015/08/11 02:00,11
2015/08/11 03:00,11
2015/08/11 04:00,3
2015/08/11 05:00,5
2015/08/11 06:00,4
2015/08/11 07:00,10
2015/08/11 08:00,4
2015/08/11 09:00,8
2015/08/11 10:00,2
2015/08/11 11:00,5
2015/08/11 12:00,0
2015/08/11 13:00,2
2015/08/11 14:00,4
2015/08/11 15:00,0
2015/08/11 16:00,2
2015/08/11 17:00,0
2015/08/11 18:00,2
2015/08/11 19:00,6
2015/08/11 20:00,7
2015/08/11 21:00,10
2015/08/11 22:00,5
2015/08/11 23:00,10
2015/08/12 00:00,9
2015/08/12 01:00,11
2015/08/12 02:00,7
2015/08/12 03:00,6
2015/08/12 04:00,0
2015/08/12 05:00,1
2015/08/12 06:00,0
2015/08/12 07:00,0
2015/08/12 08:00,0
2015/08/12 09:00,2
2015/08/12 10:00,5
2015/08/12 11:00,-1
2015/08/12 12:00,11
2015/08/12 13:00,4
2015/08/12 14:00,0
2015/08/12 15:00,2
2015/08/12 16:00,2
2015/08/12 17:00,3
2015/08/12 18:00,6
2015/08/12 19:00,9
2015/08/12 20:00,8
2015/08/12 21:00,2
2015/08/12 22:00,3
2015/08/12 23:00,1
2015/08/13 00:00,4
2015/08/13 01:00,7
2015/08/13 02:00,-1
2015/08/13 03:00,-1
2015/08/13 04:00,7
2015/08/13 05:00,2
2015/08/13 06:00,0
2015/08/13 07:00,0
2015/08/13 08:00,0
2015/08/13 09:00,6
2015/08/13 10:00,6
2015/08/13 11:00,6
2015/08/13 12:00,0
2015/08/13 13:00,0
2015/08/13 14:00,0
2015/08/13 15:00,8
2015/08/13 16:00,15
2015/08/13 17:00,13
2015/08/13 18:00,11
2015/08/13 19:00,10
2015/08/13 20:00,11
2015/08/13 21:00,9
2015/08/13 22:00,3
2015/08/13 23:00,3
2015/08/14 00:00,7
2015/08/14 01:00,15
2015/08/14 02:00,13
2015/08/14 03:00,11
2015/08/14 04:00,6
2015/08/14 05:00,8
2015/08/14 06:00,6
2015/08/14 07:00,8
2015/08/14 08:00,2
2015/08/14 09:00,1
2015/08/14 10:00,3
2015/08/14 11:00,3
2015/08/14 12:00,2
2015/08/14 13:00,0
2015/08/14 14:00,3
2015/08/14 15:00,10
2015/08/14 16:00,10
2015/08/14 17:00,4
2015/08/14 18:00,0
2015/08/14 19:00,0
2015/08/14 20:00,2
2015/08/14 21:00,5
2015/08/14 22:00,10
2015/08/14 23:00,5
2015/08/15 00:00,4
2015/08/15 01:00,3
2015/08/15 02:00,11
2015/08/15 03:00,15
2015/08/15 04:00,15
2015/08/15 05:00,11
2015/08/15 06:00,9
2015/08/15 07:00,11
2015/08/15 08:00,8
2015/08/15 09:00,-1
2015/08/15 10:00,12
2015/08/15 11:00,12
2015/08/15 12:00,5
2015/08/15 13:00,6
2015/08/15 14:00,7
2015/08/15 15:00,7
2015/08/15 16:00,10
2015/08/15 17:00,16
2015/08/15 18:00,21
2015/08/15 19:00,14
2015/08/15 20:00,8
2015/08/15 21:00,2
2015/08/15 22:00,7
2015/08/15 23:00,9
2015/08/16 00:00,9
2015/08/16 01:00,9
2015/08/16 02:00,10
2015/08/16 03:00,10
2015/08/16 04:00,9
2015/08/16 05:00,9
2015/08/16 06:00,5
2015/08/16 07:00,7
2015/08/16 08:00,3
2015/08/16 09:00,0
2015/08/16 10:00,0
2015/08/16 11:00,6
2015/08/16 12:00,11
2015/08/16 13:00,9
2015/08/16 14:00,4
2015/08/16 15:00,5
2015/08/16 16:00,3
2015/08/16 17:00,2
2015/08/16 18:00,5
2015/08/16 19:00,4
2015/08/16 20:00,4
2015/08/16 21:00,0
2015/08/16 22:00,1
2015/08/16 23:00,3
2015/08/17 00:00,7
2015/08/17 01:00,4
2015/08/17 02:00,5
2015/08/17 03:00,10
2015/08/17 04:00,13
2015/08/17 05:00,9
2015/08/17 06:00,7
2015/08/17 07:00,4
2015/08/17 08:00,2
2015/08/17 09:00,0
2015/08/17 10:00,5
2015/08/17 11:00,5
2015/08/17 12:00,10
2015/08/17 13:00,7
2015/08/17 14:00,13
2015/08/17 15:00,15
2015/08/17 16:00,13
2015/08/17 17:00,8
2015/08/17 18:00,0
2015/08/17 19:00,2
2015/08/17 20:00,5
2015/08/17 21:00,7
2015/08/17 22:00,7
2015/08/17 23:00,9
2015/08/18 00:00,6
2015/08/18 01:00,7
2015/08/18 02:00,10
2015/08/18 03:00,16
2015/08/18 04:00,17
2015/08/18 05:00,12
2015/08/18 06:00,9
2015/08/18 07:00,13
2015/08/18 08:00,8
2015/08/18 09:00,6
2015/08/18 10:00,4
2015/08/18 11:00,7
2015/08/18 12:00,10
2015/08/18 13:00,6
2015/08/18 14:00,7
2015/08/18 15:00,11
2015/08/18 16:00,8
2015/08/18 17:00,13
2015/08/18 18:00,14
2015/08/18 19:00,16
2015/08/18 20:00,9
2015/08/18 21:00,5
2015/08/18 22:00,3
2015/08/18 23:00,13
2015/08/19 00:00,14
2015/08/19 01:00,21
2015/08/19 02:00,15
2015/08/19 03:00,18
2015/08/19 04:00,20
2015/08/19 05:00,16
2015/08/19 06:00,19
2015/08/19 07:00,11
2015/08/19 08:00,15
2015/08/19 09:00,14
2015/08/19 10:00,18
2015/08/19 11:00,22
2015/08/19 12:00,19
2015/08/19 13:00,18
2015/08/19 14:00,15
2015/08/19 15:00,16
2015/08/19 16:00,17
2015/08/19 17:00,15
2015/08/19 18:00,11
2015/08/19 19:00,6
2015/08/19 20:00,7
2015/08/19 21:00,10
2015/08/19 22:00,17
2015/08/19 23:00,21
2015/08/20 00:00,30
2015/08/20 01:00,34
2015/08/20 02:00,34
2015/08/20 03:00,26
2015/08/20 04:00,20
2015/08/20 05:00,10
2015/08/20 06:00,8
2015/08/20 07:00,10
2015/08/20 08:00,14
2015/08/20 09:00,23
2015/08/20 10:00,24
2015/08/20 11:00,36
2015/08/20 12:00,39
2015/08/20 13:00,43
2015/08/20 14:00,40
2015/08/20 15:00,39
2015/08/20 16:00,40
2015/08/20 17:00,33
2015/08/20 18:00,37
2015/08/20 19:00,35
2015/08/20 20:00,34
2015/08/20 21:00,30
2015/08/20 22:00,31
2015/08/20 23:00,31
2015/08/21 00:00,32
2015/08/21 01:00,35
2015/08/21 02:00,34
2015/08/21 03:00,32
2015/08/21 04:00,20
2015/08/21 05:00,23
2015/08/21 06:00,19
2015/08/21 07:00,26
2015/08/21 08:00,17
2015/08/21 09:00,18
2015/08/21 10:00,14
2015/08/21 11:00,16
2015/08/21 12:00,15
2015/08/21 13:00,15
2015/08/21 14:00,19
2015/08/21 15:00,26
2015/08/21 16:00,23
2015/08/21 17:00,23
2015/08/21 18:00,16
2015/08/21 19:00,20
2015/08/21 20:00,19
2015/08/21 21:00,21
2015/08/21 22:00,25
2015/08/21 23:00,26
2015/08/22 00:00,31
2015/08/22 01:00,32
2015/08/22 02:00,29
2015/08/22 03:00,19
2015/08/22 04:00,15
2015/08/22 05:00,15
2015/08/22 06:00,20
2015/08/22 07:00,18
2015/08/22 08:00,16
2015/08/22 09:00,16
2015/08/22 10:00,11
2015/08/22 11:00,19
2015/08/22 12:00,19
2015/08/22 13:00,20
2015/08/22 14:00,12
2015/08/22 15:00,10
2015/08/22 16:00,14
2015/08/22 17:00,19
2015/08/22 18:00,15
2015/08/22 19:00,15
2015/08/22 20:00,14
2015/08/22 21:00,15
2015/08/22 22:00,17
2015/08/22 23:00,16
2015/08/23 00:00,17
2015/08/23 01:00,21
2015/08/23 02:00,24
2015/08/23 03:00,27
2015/08/23 04:00,19
2015/08/23 05:00,15
2015/08/23 06:00,8
2015/08/23 07:00,6
2015/08/23 08:00,12
2015/08/23 09:00,15
2015/08/23 10:00,17
2015/08/23 11:00,12
2015/08/23 12:00,5
2015/08/23 13:00,11
2015/08/23 14:00,5
2015/08/23 15:00,10
2015/08/23 16:00,4
2015/08/23 17:00,7
2015/08/23 18:00,2
2015/08/23 19:00,6
2015/08/23 20:00,3
2015/08/23 21:00,4
2015/08/23 22:00,0
2015/08/23 23:00,4
2015/08/24 00:00,3
2015/08/24 01:00,7
2015/08/24 02:00,6
2015/08/24 03:00,9
2015/08/24 04:00,5
2015/08/24 05:00,13
2015/08/24 06:00,17
2015/08/24 07:00,20
2015/08/24 08:00,13
2015/08/24 09:00,10
2015/08/24 10:00,12
2015/08/24 11:00,12
2015/08/24 12:00,12
2015/08/24 13:00,14
2015/08/24 14:00,17
2015/08/24 15:00,18
2015/08/24 16:00,11
2015/08/24 17:00,8
2015/08/24 18:00,9
2015/08/24 19:00,11
2015/08/24 20:00,6
2015/08/24 21:00,2
2015/08/24 22:00,7
2015/08/24 23:00,13
2015/08/25 00:00,-1
2015/08/25 01:00,12
2015/08/25 02:00,12
2015/08/25 03:00,10
2015/08/25 04:00,12
2015/08/25 05:00,18
2015/08/25 06:00,28
2015/08/25 07:00,34
2015/08/25 08:00,36
2015/08/25 09:00,28
2015/08/25 10:00,-1
2015/08/25 11:00,26
2015/08/25 12:00,-1
2015/08/25 13:00,25
2015/08/25 14:00,17
2015/08/25 15:00,9
2015/08/25 16:00,5
2015/08/25 17:00,9
2015/08/25 18:00,7
2015/08/25 19:00,8
2015/08/25 20:00,5
2015/08/25 21:00,3
2015/08/25 22:00,5
2015/08/25 23:00,5
2015/08/26 00:00,6
2015/08/26 01:00,3
2015/08/26 02:00,6
2015/08/26 03:00,3
2015/08/26 04:00,3
2015/08/26 05:00,4
2015/08/26 06:00,9
2015/08/26 07:00,14
2015/08/26 08:00,-1
2015/08/26 09:00,5
2015/08/26 10:00,0
2015/08/26 11:00,0
2015/08/26 12:00,0
2015/08/26 13:00,5
2015/08/26 14:00,1
2015/08/26 15:00,3
2015/08/26 16:00,0
2015/08/26 17:00,0
2015/08/26 18:00,2
2015/08/26 19:00,0
2015/08/26 20:00,1
2015/08/26 21:00,0
2015/08/26 22:00,0
2015/08/26 23:00,0
2015/08/27 00:00,6
2015/08/27 01:00,13
2015/08/27 02:00,16
2015/08/27 03:00,14
2015/08/27 04:00,20
2015/08/27 05:00,19
2015/08/27 06:00,14
2015/08/27 07:00,0
2015/08/27 08:00,0
2015/08/27 09:00,1
2015/08/27 10:00,3
2015/08/27 11:00,4
2015/08/27 12:00,3
2015/08/27 13:00,7
2015/08/27 14:00,5
2015/08/27 15:00,4
2015/08/27 16:00,9
2015/08/27 17:00,10
2015/08/27 18:00,9
2015/08/27 19:00,6
2015/08/27 20:00,1
2015/08/27 21:00,3
2015/08/27 22:00,0
2015/08/27 23:00,1
2015/08/28 00:00,7
2015/08/28 01:00,13
2015/08/28 02:00,10
2015/08/28 03:00,17
2015/08/28 04:00,20
2015/08/28 05:00,25
2015/08/28 06:00,17
2015/08/28 07:00,12
2015/08/28 08:00,13
2015/08/28 09:00,11
2015/08/28 10:00,4
2015/08/28 11:00,1
2015/08/28 12:00,10
2015/08/28 13:00,-1
2015/08/28 14:00,12
2015/08/28 15:00,2
2015/08/28 16:00,0
2015/08/28 17:00,0
2015/08/28 18:00,4
2015/08/28 19:00,10
2015/08/28 20:00,12
2015/08/28 21:00,4
2015/08/28 22:00,2
2015/08/28 23:00,3
2015/08/29 00:00,3
2015/08/29 01:00,0
2015/08/29 02:00,5
2015/08/29 03:00,7
2015/08/29 04:00,-1
2015/08/29 05:00,8
2015/08/29 06:00,12
2015/08/29 07:00,11
2015/08/29 08:00,12
2015/08/29 09:00,7
2015/08/29 10:00,0
2015/08/29 11:00,0
2015/08/29 12:00,2
2015/08/29 13:00,2
2015/08/29 14:00,4
2015/08/29 15:00,5
2015/08/29 16:00,9
2015/08/29 17:00,6
2015/08/29 18:00,0
2015/08/29 19:00,6
2015/08/29 20:00,7
2015/08/29 21:00,8
2015/08/29 22:00,0
2015/08/29 23:00,2
2015/08/30 00:00,1
2015/08/30 01:00,1
2015/08/30 02:00,8
2015/08/30 03:00,10
2015/08/30 04:00,9
2015/08/30 05:00,1
2015/08/30 06:00,1
2015/08/30 07:00,5
2015/08/30 08:00,4
2015/08/30 09:00,5
2015/08/30 10:00,1
2015/08/30 11:00,0
2015/08/30 12:00,1
2015/08/30 13:00,11
2015/08/30 14:00,11
2015/08/30 15:00,8
2015/08/30 16:00,1
2015/08/30 17:00,3
2015/08/30 18:00,0
2015/08/30 19:00,3
2015/08/30 20:00,1
2015/08/30 21:00,6
2015/08/30 22:00,2
2015/08/30 23:00,7
2015/08/31 00:00,4
2015/08/31 01:00,10
2015/08/31 02:00,13
2015/08/31 03:00,15
2015/08/31 04:00,11
2015/08/31 05:00,5
2015/08/31 06:00,-1
2015/08/31 07:00,6
2015/08/31 08:00,4
2015/08/31 09:00,4
2015/08/31 10:00,0
2015/08/31 11:00,5
2015/08/31 12:00,11
2015/08/31 13:00,17
2015/08/31 14:00,9
2015/08/31 15:00,7
2015/08/31 16:00,4
2015/08/31 17:00,9
2015/08/31 18:00,3
2015/08/31 19:00,9
2015/08/31 20:00,4
2015/08/31 21:00,4
2015/08/31 22:00,3
2015/08/31 23:00,5
2015/09/01 00:00,11
2015/09/01 01:00,13
2015/09/01 02:00,22
2015/09/01 03:00,24
2015/09/01 04:00,26
2015/09/01 05:00,21
2015/09/01 06:00,12
2015/09/01 07:00,9
2015/09/01 08:00,5
2015/09/01 09:00,8
2015/09/01 10:00,8
2015/09/01 11:00,16
2015/09/01 12:00,18
2015/09/01 13:00,18
2015/09/01 14:00,19
2015/09/01 15:00,15
2015/09/01 16:00,18
2015/09/01 17:00,13
2015/09/01 18:00,12
2015/09/01 19:00,7
2015/09/01 20:00,6
2015/09/01 21:00,8
2015/09/01 22:00,7
2015/09/01 23:00,8
2015/09/02 00:00,4
2015/09/02 01:00,3
2015/09/02 02:00,-1
2015/09/02 03:00,0
2015/09/02 04:00,0
2015/09/02 05:00,7
2015/09/02 06:00,14
2015/09/02 07:00,14
2015/09/02 08:00,11
2015/09/02 09:00,5
2015/09/02 10:00,7
2015/09/02 11:00,11
2015/09/02 12:00,15
2015/09/02 13:00,11
2015/09/02 14:00,5
2015/09/02 15:00,6
2015/09/02 16:00,9
2015/09/02 17:00,13
2015/09/02 18:00,12
2015/09/02 19:00,14
2015/09/02 20:00,12
2015/09/02 21:00,8
2015/09/02 22:00,8
2015/09/02 23:00,4
2015/09/03 00:00,12
2015/09/03 01:00,14
2015/09/03 02:00,15
2015/09/03 03:00,14
2015/09/03 04:00,13
2015/09/03 05:00,16
2015/09/03 06:00,17
2015/09/03 07:00,8
2015/09/03 08:00,11
2015/09/03 09:00,10
2015/09/03 10:00,13
2015/09/03 11:00,7
2015/09/03 12:00,5
2015/09/03 13:00,9
2015/09/03 14:00,11
2015/09/03 15:00,9
2015/09/03 16:00,5
2015/09/03 17:00,6
2015/09/03 18:00,5
2015/09/03 19:00,10
2015/09/03 20:00,12
2015/09/03 21:00,17
2015/09/03 22:00,21
2015/09/03 23:00,18
2015/09/04 00:00,21
2015/09/04 01:00,14
2015/09/04 02:00,14
2015/09/04 03:00,14
2015/09/04 04:00,14
2015/09/04 05:00,18
2015/09/04 06:00,11
2015/09/04 07:00,-1
2015/09/04 08:00,6
2015/09/04 09:00,11
2015/09/04 10:00,9
2015/09/04 11:00,11
2015/09/04 12:00,7
2015/09/04 13:00,9
2015/09/04 14:00,9
2015/09/04 15:00,13
2015/09/04 16:00,10
2015/09/04 17:00,16
2015/09/04 18:00,14
2015/09/04 19:00,18
2015/09/04 20:00,18
2015/09/04 21:00,25
2015/09/04 22:00,20
2015/09/04 23:00,18
2015/09/05 00:00,17
2015/09/05 01:00,21
2015/09/05 02:00,25
2015/09/05 03:00,24
2015/09/05 04:00,23
2015/09/05 05:00,21
2015/09/05 06:00,18
2015/09/05 07:00,19
2015/09/05 08:00,13
2015/09/05 09:00,7
2015/09/05 10:00,7
2015/09/05 11:00,9
2015/09/05 12:00,-1
2015/09/05 13:00,-1
2015/09/05 14:00,-1
2015/09/05 15:00,-1
2015/09/05 16:00,-1
2015/09/05 17:00,11
2015/09/05 18:00,15
2015/09/05 19:00,9
2015/09/05 20:00,11
2015/09/05 21:00,12
2015/09/05 22:00,13
2015/09/05 23:00,-1
2015/09/06 00:00,12
2015/09/06 01:00,14
2015/09/06 02:00,8
2015/09/06 03:00,16
2015/09/06 04:00,13
2015/09/06 05:00,10
2015/09/06 06:00,4
2015/09/06 07:00,4
2015/09/06 08:00,3
2015/09/06 09:00,9
2015/09/06 10:00,8
2015/09/06 11:00,14
2015/09/06 12:00,13
2015/09/06 13:00,14
2015/09/06 14:00,15
2015/09/06 15:00,12
2015/09/06 16:00,8
2015/09/06 17:00,0
2015/09/06 18:00,0
2015/09/06 19:00,8
2015/09/06 20:00,11
2015/09/06 21:00,12
2015/09/06 22:00,9
2015/09/06 23:00,9
2015/09/07 00:00,11
2015/09/07 01:00,12
2015/09/07 02:00,7
2015/09/07 03:00,6
2015/09/07 04:00,1
2015/09/07 05:00,5
2015/09/07 06:00,0
2015/09/07 07:00,4
2015/09/07 08:00,4
2015/09/07 09:00,5
2015/09/07 10:00,2
2015/09/07 11:00,0
2015/09/07 12:00,4
2015/09/07 13:00,8
2015/09/07 14:00,17
2015/09/07 15:00,14
2015/09/07 16:00,11
2015/09/07 17:00,10
2015/09/07 18:00,2
2015/09/07 19:00,0
2015/09/07 20:00,0
2015/09/07 21:00,0
2015/09/07 22:00,7
2015/09/07 23:00,14
2015/09/08 00:00,12
2015/09/08 01:00,12
2015/09/08 02:00,7
2015/09/08 03:00,10
2015/09/08 04:00,8
2015/09/08 05:00,15
2015/09/08 06:00,15
2015/09/08 07:00,15
2015/09/08 08:00,12
2015/09/08 09:00,11
2015/09/08 10:00,13
2015/09/08 11:00,8
2015/09/08 12:00,13
2015/09/08 13:00,9
2015/09/08 14:00,8
2015/09/08 15:00,7
2015/09/08 16:00,9
2015/09/08 17:00,9
2015/09/08 18:00,7
2015/09/08 19:00,10
2015/09/08 20:00,16
2015/09/08 21:00,19
2015/09/08 22:00,14
2015/09/08 23:00,7
2015/09/09 00:00,11
2015/09/09 01:00,10
2015/09/09 02:00,14
2015/09/09 03:00,11
2015/09/09 04:00,18
2015/09/09 05:00,21
2015/09/09 06:00,-1
2015/09/09 07:00,4
2015/09/09 08:00,8
2015/09/09 09:00,15
2015/09/09 10:00,19
2015/09/09 11:00,19
2015/09/09 12:00,20
2015/09/09 13:00,22
2015/09/09 14:00,23
2015/09/09 15:00,15
2015/09/09 16:00,13
2015/09/09 17:00,17
2015/09/09 18:00,19
2015/09/09 19:00,25
2015/09/09 20:00,22
2015/09/09 21:00,32
2015/09/09 22:00,28
2015/09/09 23:00,25
2015/09/10 00:00,17
2015/09/10 01:00,15
2015/09/10 02:00,20
2015/09/10 03:00,21
2015/09/10 04:00,23
2015/09/10 05:00,18
2015/09/10 06:00,12
2015/09/10 07:00,19
2015/09/10 08:00,26
2015/09/10 09:00,23
2015/09/10 10:00,22
2015/09/10 11:00,22
2015/09/10 12:00,16
2015/09/10 13:00,17
2015/09/10 14:00,15
2015/09/10 15:00,26
2015/09/10 16:00,30
2015/09/10 17:00,29
2015/09/10 18:00,30
2015/09/10 19:00,33
2015/09/10 20:00,39
2015/09/10 21:00,-1
2015/09/10 22:00,-1
2015/09/10 23:00,-1
2015/09/11 00:00,-1
2015/09/11 01:00,-1
2015/09/11 02:00,-1
2015/09/11 03:00,-1
2015/09/11 04:00,-1
2015/09/11 05:00,-1
2015/09/11 06:00,-1
2015/09/11 07:00,-1
2015/09/11 08:00,-1
2015/09/11 09:00,-1
2015/09/11 10:00,-1
2015/09/11 11:00,-1
2015/09/11 12:00,-1
2015/09/11 13:00,-1
2015/09/11 14:00,-1
2015/09/11 15:00,-1
2015/09/11 16:00,-1
2015/09/11 17:00,-1
2015/09/11 18:00,-1
2015/09/11 19:00,-1
2015/09/11 20:00,-1
2015/09/11 21:00,-1
2015/09/11 22:00,-1
2015/09/11 23:00,-1
2015/09/12 00:00,-1
2015/09/12 01:00,-1
2015/09/12 02:00,-1
2015/09/12 03:00,-1
2015/09/12 04:00,-1
2015/09/12 05:00,-1
2015/09/12 06:00,-1
2015/09/12 07:00,-1
2015/09/12 08:00,-1
2015/09/12 09:00,-1
2015/09/12 10:00,-1
2015/09/12 11:00,-1
2015/09/12 12:00,-1
2015/09/12 13:00,-1
2015/09/12 14:00,-1
2015/09/12 15:00,-1
2015/09/12 16:00,-1
2015/09/12 17:00,-1
2015/09/12 18:00,-1
2015/09/12 19:00,-1
2015/09/12 20:00,-1
2015/09/12 21:00,-1
2015/09/12 22:00,-1
2015/09/12 23:00,-1
2015/09/13 00:00,-1
2015/09/13 01:00,-1
2015/09/13 02:00,-1
2015/09/13 03:00,-1
2015/09/13 04:00,-1
2015/09/13 05:00,-1
2015/09/13 06:00,-1
2015/09/13 07:00,-1
2015/09/13 08:00,-1
2015/09/13 09:00,-1
2015/09/13 10:00,-1
2015/09/13 11:00,-1
2015/09/13 12:00,-1
2015/09/13 13:00,-1
2015/09/13 14:00,-1
2015/09/13 15:00,-1
2015/09/13 16:00,-1
2015/09/13 17:00,-1
2015/09/13 18:00,-1
2015/09/13 19:00,-1
2015/09/13 20:00,-1
2015/09/13 21:00,-1
2015/09/13 22:00,-1
2015/09/13 23:00,-1
2015/09/14 00:00,-1
2015/09/14 01:00,-1
2015/09/14 02:00,-1
2015/09/14 03:00,-1
2015/09/14 04:00,-1
2015/09/14 05:00,-1
2015/09/14 06:00,-1
2015/09/14 07:00,-1
2015/09/14 08:00,-1
2015/09/14 09:00,18
2015/09/14 10:00,24
2015/09/14 11:00,25
2015/09/14 12:00,32
2015/09/14 13:00,32
2015/09/14 14:00,40
2015/09/14 15:00,42
2015/09/14 16:00,-1
2015/09/14 17:00,-1
2015/09/14 18:00,-1
2015/09/14 19:00,-1
2015/09/14 20:00,-1
2015/09/14 21:00,-1
2015/09/14 22:00,-1
2015/09/14 23:00,-1
2015/09/15 00:00,-1
2015/09/15 01:00,-1
2015/09/15 02:00,-1
2015/09/15 03:00,-1
2015/09/15 04:00,-1
2015/09/15 05:00,19
2015/09/15 06:00,22
2015/09/15 07:00,25
2015/09/15 08:00,24
2015/09/15 09:00,23
2015/09/15 10:00,19
2015/09/15 11:00,22
2015/09/15 12:00,23
2015/09/15 13:00,20
2015/09/15 14:00,17
2015/09/15 15:00,17
2015/09/15 16:00,22
2015/09/15 17:00,28
2015/09/15 18:00,24
2015/09/15 19:00,28
2015/09/15 20:00,27
2015/09/15 21:00,32
2015/09/15 22:00,30
2015/09/15 23:00,30
2015/09/16 00:00,30
2015/09/16 01:00,32
2015/09/16 02:00,42
2015/09/16 03:00,40
2015/09/16 04:00,25
2015/09/16 05:00,36
2015/09/16 06:00,54
2015/09/16 07:00,43
2015/09/16 08:00,35
2015/09/16 09:00,26
2015/09/16 10:00,15
2015/09/16 11:00,16
2015/09/16 12:00,16
2015/09/16 13:00,28
2015/09/16 14:00,21
2015/09/16 15:00,21
2015/09/16 16:00,22
2015/09/16 17:00,25
2015/09/16 18:00,27
2015/09/16 19:00,24
2015/09/16 20:00,22
2015/09/16 21:00,24
2015/09/16 22:00,25
2015/09/16 23:00,27
2015/09/17 00:00,31
2015/09/17 01:00,32
2015/09/17 02:00,-1
2015/09/17 03:00,-1
2015/09/17 04:00,40
2015/09/17 05:00,38
2015/09/17 06:00,33
2015/09/17 07:00,35
2015/09/17 08:00,30
2015/09/17 09:00,29
2015/09/17 10:00,23
2015/09/17 11:00,27
2015/09/17 12:00,33
2015/09/17 13:00,36
2015/09/17 14:00,37
2015/09/17 15:00,32
2015/09/17 16:00,31
2015/09/17 17:00,30
2015/09/17 18:00,32
2015/09/17 19:00,32
2015/09/17 20:00,35
2015/09/17 21:00,39
2015/09/17 22:00,44
2015/09/17 23:00,48
2015/09/18 00:00,46
2015/09/18 01:00,56
2015/09/18 02:00,56
2015/09/18 03:00,23
2015/09/18 04:00,29
2015/09/18 05:00,46
2015/09/18 06:00,42
2015/09/18 07:00,30
2015/09/18 08:00,16
2015/09/18 09:00,27
2015/09/18 10:00,29
2015/09/18 11:00,36
2015/09/18 12:00,32
2015/09/18 13:00,31
2015/09/18 14:00,31
2015/09/18 15:00,32
2015/09/18 16:00,32
2015/09/18 17:00,36
2015/09/18 18:00,33
2015/09/18 19:00,31
2015/09/18 20:00,32
2015/09/18 21:00,32
2015/09/18 22:00,36
2015/09/18 23:00,33
2015/09/19 00:00,34
2015/09/19 01:00,44
2015/09/19 02:00,45
2015/09/19 03:00,41
2015/09/19 04:00,40
2015/09/19 05:00,36
2015/09/19 06:00,36
2015/09/19 07:00,26
2015/09/19 08:00,35
2015/09/19 09:00,38
2015/09/19 10:00,41
2015/09/19 11:00,37
2015/09/19 12:00,44
2015/09/19 13:00,41
2015/09/19 14:00,43
2015/09/19 15:00,41
2015/09/19 16:00,45
2015/09/19 17:00,40
2015/09/19 18:00,31
2015/09/19 19:00,29
2015/09/19 20:00,22
2015/09/19 21:00,26
2015/09/19 22:00,25
2015/09/19 23:00,33
2015/09/20 00:00,34
2015/09/20 01:00,35
2015/09/20 02:00,33
2015/09/20 03:00,34
2015/09/20 04:00,35
2015/09/20 05:00,41
2015/09/20 06:00,42
2015/09/20 07:00,41
2015/09/20 08:00,30
2015/09/20 09:00,25
2015/09/20 10:00,22
2015/09/20 11:00,23
2015/09/20 12:00,22
2015/09/20 13:00,18
2015/09/20 14:00,24
2015/09/20 15:00,27
2015/09/20 16:00,29
2015/09/20 17:00,32
2015/09/20 18:00,33
2015/09/20 19:00,36
2015/09/20 20:00,33
2015/09/20 21:00,31
2015/09/20 22:00,33
2015/09/20 23:00,27
2015/09/21 00:00,34
2015/09/21 01:00,32
2015/09/21 02:00,36
2015/09/21 03:00,25
2015/09/21 04:00,29
2015/09/21 05:00,23
2015/09/21 06:00,22
2015/09/21 07:00,16
2015/09/21 08:00,19
2015/09/21 09:00,25
2015/09/21 10:00,22
2015/09/21 11:00,25
2015/09/21 12:00,25
2015/09/21 13:00,-1
2015/09/21 14:00,32
2015/09/21 15:00,33
2015/09/21 16:00,32
2015/09/21 17:00,31
2015/09/21 18:00,26
2015/09/21 19:00,22
2015/09/21 20:00,11
2015/09/21 21:00,14
2015/09/21 22:00,11
2015/09/21 23:00,-1
2015/09/22 00:00,13
2015/09/22 01:00,19
2015/09/22 02:00,23
2015/09/22 03:00,-1
2015/09/22 04:00,16
2015/09/22 05:00,20
2015/09/22 06:00,14
2015/09/22 07:00,23
2015/09/22 08:00,19
2015/09/22 09:00,22
2015/09/22 10:00,26
2015/09/22 11:00,26
2015/09/22 12:00,28
2015/09/22 13:00,24
2015/09/22 14:00,28
2015/09/22 15:00,25
2015/09/22 16:00,30
2015/09/22 17:00,36
2015/09/22 18:00,37
2015/09/22 19:00,43
2015/09/22 20:00,43
2015/09/22 21:00,50
2015/09/22 22:00,41
2015/09/22 23:00,39
2015/09/23 00:00,41
2015/09/23 01:00,42
2015/09/23 02:00,35
2015/09/23 03:00,29
2015/09/23 04:00,24
2015/09/23 05:00,18
2015/09/23 06:00,13
2015/09/23 07:00,15
2015/09/23 08:00,19
2015/09/23 09:00,23
2015/09/23 10:00,20
2015/09/23 11:00,15
2015/09/23 12:00,14
2015/09/23 13:00,16
2015/09/23 14:00,24
2015/09/23 15:00,19
2015/09/23 16:00,18
2015/09/23 17:00,8
2015/09/23 18:00,15
2015/09/23 19:00,16
2015/09/23 20:00,21
2015/09/23 21:00,19
2015/09/23 22:00,25
2015/09/23 23:00,30
2015/09/24 00:00,32
2015/09/24 01:00,23
2015/09/24 02:00,11
2015/09/24 03:00,8
2015/09/24 04:00,15
2015/09/24 05:00,18
2015/09/24 06:00,13
2015/09/24 07:00,13
2015/09/24 08:00,15
2015/09/24 09:00,-1
2015/09/24 10:00,18
2015/09/24 11:00,18
2015/09/24 12:00,18
2015/09/24 13:00,26
2015/09/24 14:00,35
2015/09/24 15:00,33
2015/09/24 16:00,38
2015/09/24 17:00,26
2015/09/24 18:00,34
2015/09/24 19:00,26
2015/09/24 20:00,33
2015/09/24 21:00,35
2015/09/24 22:00,36
2015/09/24 23:00,40
2015/09/25 00:00,33
2015/09/25 01:00,40
2015/09/25 02:00,42
2015/09/25 03:00,49
2015/09/25 04:00,40
2015/09/25 05:00,32
2015/09/25 06:00,25
2015/09/25 07:00,27
2015/09/25 08:00,27
2015/09/25 09:00,19
2015/09/25 10:00,15
2015/09/25 11:00,9
2015/09/25 12:00,13
2015/09/25 13:00,15
2015/09/25 14:00,11
2015/09/25 15:00,18
2015/09/25 16:00,12
2015/09/25 17:00,13
2015/09/25 18:00,5
2015/09/25 19:00,6
2015/09/25 20:00,10
2015/09/25 21:00,10
2015/09/25 22:00,15
2015/09/25 23:00,22
2015/09/26 00:00,32
2015/09/26 01:00,34
2015/09/26 02:00,32
2015/09/26 03:00,35
2015/09/26 04:00,39
2015/09/26 05:00,49
2015/09/26 06:00,36
2015/09/26 07:00,30
2015/09/26 08:00,18
2015/09/26 09:00,18
2015/09/26 10:00,14
2015/09/26 11:00,13
2015/09/26 12:00,15
2015/09/26 13:00,17
2015/09/26 14:00,20
2015/09/26 15:00,19
2015/09/26 16:00,16
2015/09/26 17:00,18
2015/09/26 18:00,18
2015/09/26 19:00,15
2015/09/26 20:00,14
2015/09/26 21:00,8
2015/09/26 22:00,13
2015/09/26 23:00,10
2015/09/27 00:00,15
2015/09/27 01:00,19
2015/09/27 02:00,18
2015/09/27 03:00,22
2015/09/27 04:00,20
2015/09/27 05:00,26
2015/09/27 06:00,27
2015/09/27 07:00,27
2015/09/27 08:00,23
2015/09/27 09:00,26
2015/09/27 10:00,28
2015/09/27 11:00,32
2015/09/27 12:00,31
2015/09/27 13:00,26
2015/09/27 14:00,22
2015/09/27 15:00,10
2015/09/27 16:00,14
2015/09/27 17:00,4
2015/09/27 18:00,8
2015/09/27 19:00,-1
2015/09/27 20:00,-1
2015/09/27 21:00,-1
2015/09/27 22:00,-1
2015/09/27 23:00,-1
2015/09/28 00:00,-1
2015/09/28 01:00,5
2015/09/28 02:00,8
2015/09/28 03:00,12
2015/09/28 04:00,14
2015/09/28 05:00,17
2015/09/28 06:00,11
2015/09/28 07:00,9
2015/09/28 08:00,4
2015/09/28 09:00,8
2015/09/28 10:00,7
2015/09/28 11:00,7
2015/09/28 12:00,7
2015/09/28 13:00,5
2015/09/28 14:00,6
2015/09/28 15:00,4
2015/09/28 16:00,7
2015/09/28 17:00,7
2015/09/28 18:00,14
2015/09/28 19:00,17
2015/09/28 20:00,22
2015/09/28 21:00,20
2015/09/28 22:00,20
2015/09/28 23:00,19
2015/09/29 00:00,15
2015/09/29 01:00,14
2015/09/29 02:00,23
2015/09/29 03:00,29
2015/09/29 04:00,30
2015/09/29 05:00,20
2015/09/29 06:00,21
2015/09/29 07:00,19
2015/09/29 08:00,26
2015/09/29 09:00,23
2015/09/29 10:00,21
2015/09/29 11:00,18
2015/09/29 12:00,19
2015/09/29 13:00,18
2015/09/29 14:00,19
2015/09/29 15:00,15
2015/09/29 16:00,21
2015/09/29 17:00,14
2015/09/29 18:00,18
2015/09/29 19:00,9
2015/09/29 20:00,13
2015/09/29 21:00,15
2015/09/29 22:00,19
2015/09/29 23:00,22
2015/09/30 00:00,17
2015/09/30 01:00,20
2015/09/30 02:00,24
2015/09/30 03:00,26
2015/09/30 04:00,24
2015/09/30 05:00,16
2015/09/30 06:00,13
2015/09/30 07:00,14
2015/09/30 08:00,18
2015/09/30 09:00,18
2015/09/30 10:00,17
2015/09/30 11:00,12
2015/09/30 12:00,18
2015/09/30 13:00,20
2015/09/30 14:00,18
2015/09/30 15:00,17
2015/09/30 16:00,14
2015/09/30 17:00,17
2015/09/30 18:00,17
2015/09/30 19:00,23
2015/09/30 20:00,27
2015/09/30 21:00,31
2015/09/30 22:00,-1
2015/09/30 23:00,29
2015/10/01 00:00,29
2015/10/01 01:00,29
2015/10/01 02:00,32
2015/10/01 03:00,37
2015/10/01 04:00,40
2015/10/01 05:00,43
2015/10/01 06:00,41
2015/10/01 07:00,46
2015/10/01 08:00,46
2015/10/01 09:00,44
2015/10/01 10:00,28
2015/10/01 11:00,19
2015/10/01 12:00,13
2015/10/01 13:00,10
2015/10/01 14:00,13
2015/10/01 15:00,12
2015/10/01 16:00,13
2015/10/01 17:00,9
2015/10/01 18:00,9
2015/10/01 19:00,8
2015/10/01 20:00,7
2015/10/01 21:00,11
2015/10/01 22:00,15
2015/10/01 23:00,25
2015/10/02 00:00,24
2015/10/02 01:00,29
2015/10/02 02:00,-1
2015/10/02 03:00,30
2015/10/02 04:00,27
2015/10/02 05:00,26
2015/10/02 06:00,32
2015/10/02 07:00,36
2015/10/02 08:00,38
2015/10/02 09:00,36
2015/10/02 10:00,36
2015/10/02 11:00,34
2015/10/02 12:00,33
2015/10/02 13:00,29
2015/10/02 14:00,26
2015/10/02 15:00,20
2015/10/02 16:00,19
2015/10/02 17:00,15
2015/10/02 18:00,25
2015/10/02 19:00,28
2015/10/02 20:00,35
2015/10/02 21:00,35
2015/10/02 22:00,32
2015/10/02 23:00,29
2015/10/03 00:00,32
2015/10/03 01:00,39
2015/10/03 02:00,41
2015/10/03 03:00,32
2015/10/03 04:00,29
2015/10/03 05:00,29
2015/10/03 06:00,28
2015/10/03 07:00,24
2015/10/03 08:00,27
2015/10/03 09:00,25
2015/10/03 10:00,24
2015/10/03 11:00,16
2015/10/03 12:00,24
2015/10/03 13:00,38
2015/10/03 14:00,49
2015/10/03 15:00,48
